﻿<DATA>

	<ROW>
		<tweet_id_str>187185321069395969</tweet_id_str>
		<created_at>2012-04-03 14:30:32</created_at>
		<text>Why #GayMarriage Is Not the Issue for Obama This November http://t.co/YKXyGQsm via @HuffingtonPost. #DNC #LGBT #equality #politics</text>
	</ROW>

	<ROW>
		<tweet_id_str>187213943780032512</tweet_id_str>
		<created_at>2012-04-03 16:24:17</created_at>
		<text>Moderate #Republican defined: Someone who believes hurricanes are caused by high barometric pressure not #gaymarriage #gop</text>
	</ROW>

	<ROW>
		<tweet_id_str>187232764259606529</tweet_id_str>
		<created_at>2012-04-03 17:39:04</created_at>
		<text>Still no rebuke from @MittRomney, @RickSantorum or @NewtGingrich to #NOM over #gaymarriage #racebait memo http://t.co/wINDjWyN #LGBT</text>
	</ROW>

	<ROW>
		<tweet_id_str>187232764259606529</tweet_id_str>
		<created_at>2012-04-03 17:39:04</created_at>
		<text>Still no rebuke from @MittRomney, @RickSantorum or @NewtGingrich to #NOM over #gaymarriage #racebait memo http://t.co/wINDjWyN #LGBT</text>
	</ROW>

</DATA>
